{"cameraMode":{"drawMode":0,"name":"Shaded","section":"Shading Mode"},"sceneLighting":false,"audioPlay":false,"sceneViewState":{"showFog":true,"showMaterialUpdate":false,"showSkybox":false,"showFlares":true,"showImageEffects":true,"showParticleSystems":true},"in2DMode":false,"pivot":{"x":-0.022752761840820314,"y":5.420073986053467,"z":1.3852810859680176},"rotation":{"x":-0.35116955637931826,"y":-0.4777245819568634,"z":0.21627119183540345,"w":-0.7756955623626709},"size":11.109635353088379,"orthographic":false}